sdk:setup|5739
sdk:setup|5920
sdk:setup|5794
sdk:setup|5588
sdk:setup|5688
sdk:setup|5600
sdk:setup|8759
sdk:setup|9403
sdk:setup|10596
sdk:setup|6329
sdk:setup|5892
sdk:setup|6203
sdk:setup|5652
sdk:setup|5565
sdk:setup|5324
sdk:setup|5457
sdk:setup|5438
sdk:setup|5440
sdk:setup|7317
sdk:setup|7439
sdk:setup|5494
sdk:setup|5466
sdk:setup|5283
sdk:setup|5542
sdk:setup|5414
sdk:setup|5651
sdk:setup|5852
sdk:setup|5641
sdk:setup|6194
sdk:setup|5673
sdk:setup|5801
sdk:setup|5826
sdk:setup|7101
sdk:setup|6810
sdk:setup|6669
sdk:setup|6599
sdk:setup|6544
sdk:setup|6125
sdk:setup|5531
sdk:setup|5428
sdk:setup|5471
